{
"e9a69a05-25ad-4893-a279-95ccc36395ed":"arn:aws:lambda:%%workerLambdaRegion%%:%%workerLambdaAccountId%%:function:symc_cwa_remediation_worker_iampassword",
"80513a32-b644-4f16-8151-f0c74482a2fb":"arn:aws:lambda:%%workerLambdaRegion%%:%%workerLambdaAccountId%%:function:symc_cwa_remediation_worker_iampassword",
"5833062d-54f9-4154-9fea-27622117c9e7":"arn:aws:lambda:%%workerLambdaRegion%%:%%workerLambdaAccountId%%:function:symc_cwa_remediation_worker_iampassword",
"c57a0315-c198-476c-be87-0f39ef128f55":"arn:aws:lambda:%%workerLambdaRegion%%:%%workerLambdaAccountId%%:function:symc_cwa_remediation_worker_iampassword",
"19772abf-4fef-4b2e-a2c6-b2b8205fb0db":"arn:aws:lambda:%%workerLambdaRegion%%:%%workerLambdaAccountId%%:function:symc_cwa_remediation_worker_kms",
"7952ef64-5262-4829-bbb9-17e36b68cd22":"arn:aws:lambda:%%workerLambdaRegion%%:%%workerLambdaAccountId%%:function:symc_cwa_remediation_worker_cloudtrail",
"282ac909-af9c-4c8e-81d7-e1c23533378b":"arn:aws:lambda:%%workerLambdaRegion%%:%%workerLambdaAccountId%%:function:symc_cwa_remediation_worker_s3"
"c2ec4814-76c4-4413-840f-b2b0766d0077":"arn:aws:lambda:%%workerLambdaRegion%%:%%workerLambdaAccountId%%:function:symc_cwa_remediation_worker_s3"
"a5429008-1bdd-4572-955b-c77b97ef240e":"arn:aws:lambda:%%workerLambdaRegion%%:%%workerLambdaAccountId%%:function:symc_cwa_remediation_worker_enable_s3_cloudtrail_logging"
"0CA26F89-AACD-420F-9C79-CA67C24E89C6":"arn:aws:lambda:%%workerLambdaRegion%%:%%workerLambdaAccountId%%:function:symc_cwa_remediation_worker_Ensure_S3_private"
"85be9a17-bfd9-4372-be7e-f10834088013":"arn:aws:lambda:%%workerLambdaRegion%%:%%workerLambdaAccountId%%:function:symc_cwa_remediation_worker_s3_access_logging_enabled"
"f5478d86-9213-44bb-a9c1-1ccacd405745":"arn:aws:lambda:%%workerLambdaRegion%%:%%workerLambdaAccountId%%:function:symc_cwa_remediation_worker_s3_disable_ACL_public_access"
"5cee37ca-342f-4f3b-9743-de9380bf998e":"arn:aws:lambda:%%workerLambdaRegion%%:%%workerLambdaAccountId%%:function:symc_cwa_remediation_worker_s3_disable_ACL_public_access"
"513fae94-ac45-4e22-8c16-7d823586f1ee":"arn:aws:lambda:%%workerLambdaRegion%%:%%workerLambdaAccountId%%:function:symc_cwa_remediation_worker_s3_disable_ACL_public_access"
"6440c803-2039-49e2-8535-a7ce38b3b440":"arn:aws:lambda:%%workerLambdaRegion%%:%%workerLambdaAccountId%%:function:symc_cwa_remediation_worker_s3_disable_ACL_public_access"
"6b45aea0-1943-41c3-a818-f6ce91900223":"arn:aws:lambda:%%workerLambdaRegion%%:%%workerLambdaAccountId%%:function:symc_cwa_remediation_worker_s3_disable_ACL_public_access"
"58385f1b-abcc-4744-b74e-7acd1fdd0f38":"arn:aws:lambda:%%workerLambdaRegion%%:%%workerLambdaAccountId%%:function:symc_cwa_remediation_worker_s3_disable_BucketPolicy_public_access"
"59ac6184-ec22-43fc-a665-70aa10ccb829":"arn:aws:lambda:%%workerLambdaRegion%%:%%workerLambdaAccountId%%:function:symc_cwa_remediation_worker_s3_disable_BucketPolicy_public_access"
"8788f452-8227-4753-889c-c93851ef90c1":"arn:aws:lambda:%%workerLambdaRegion%%:%%workerLambdaAccountId%%:function:symc_cwa_remediation_worker_s3_disable_BucketPolicy_public_access"
"f0de9b72-4327-44b1-ad41-f34fe8b4b975":"arn:aws:lambda:%%workerLambdaRegion%%:%%workerLambdaAccountId%%:function:symc_cwa_remediation_worker_s3_disable_BucketPolicy_public_access"
}