{
"e9a69a05-25ad-4893-a279-95ccc36395ed":"arn:aws:lambda:%%workerLambdaRegion%%:%%workerLambdaAccountId%%:function:symc_cwa_remediation_worker_iampassword",
"80513a32-b644-4f16-8151-f0c74482a2fb":"arn:aws:lambda:%%workerLambdaRegion%%:%%workerLambdaAccountId%%:function:symc_cwa_remediation_worker_iampassword",
"5833062d-54f9-4154-9fea-27622117c9e7":"arn:aws:lambda:%%workerLambdaRegion%%:%%workerLambdaAccountId%%:function:symc_cwa_remediation_worker_iampassword",
"c57a0315-c198-476c-be87-0f39ef128f55":"arn:aws:lambda:%%workerLambdaRegion%%:%%workerLambdaAccountId%%:function:symc_cwa_remediation_worker_iampassword",
"19772abf-4fef-4b2e-a2c6-b2b8205fb0db":"arn:aws:lambda:%%workerLambdaRegion%%:%%workerLambdaAccountId%%:function:symc_cwa_remediation_worker_kms",
"7952ef64-5262-4829-bbb9-17e36b68cd22":"arn:aws:lambda:%%workerLambdaRegion%%:%%workerLambdaAccountId%%:function:symc_cwa_remediation_worker_cloudtrail",
"282ac909-af9c-4c8e-81d7-e1c23533378b":"arn:aws:lambda:%%workerLambdaRegion%%:%%workerLambdaAccountId%%:function:symc_cwa_remediation_worker_s3"
}